Modelo,Acurácia,Precisão,Recall,F1-Score,AUC-ROC
Random Forest,0.9975562484199882,0.4037735849056604,0.8699186991869918,0.5515463917525774,0.9789790748116404
Logistic Regression,0.9899862363416758,0.13308457711442787,0.8699186991869918,0.2308522114347357,0.9720141919268346
Decision Tree,0.976208533468161,0.05845980888139404,0.8455284552845529,0.10935856992639327,0.9171508696895943
KNN,0.9981742085896463,0.48292682926829267,0.8048780487804879,0.6036585365853658,0.9101094087799022
